店铺,未直播
添美,https://item.taobao.com/item.htm?spm=a1z10.3-c-s.w4002-15399296143.13.6df516caAJZdmp&id=635069578548
添美,https://item.taobao.com/item.htm?spm=a1z10.3-c-s.w4002-15399296143.19.6df516caAJZdmp&id=603465275533
添美,https://item.taobao.com/item.htm?spm=a1z10.3-c-s.w4002-15399296143.22.6df516caAJZdmp&id=636167278967
添美,https://item.taobao.com/item.htm?spm=a1z10.3-c-s.w4002-15399296143.34.6df516caAJZdmp&id=610243396181
添美,https://item.taobao.com/item.htm?spm=a1z10.3-c-s.w4002-15399296143.37.6df516caAJZdmp&id=602815208766
添美,https://item.taobao.com/item.htm?spm=a1z10.3-c-s.w4002-15399296143.40.6df516caAJZdmp&id=609606209712
添美,https://item.taobao.com/item.htm?spm=a1z10.3-c-s.w4002-15399296143.43.6df516caAJZdmp&id=571410183815
添美,https://item.taobao.com/item.htm?spm=a1z10.3-c-s.w4002-15399296143.46.6df516caAJZdmp&id=635014735000
添美,https://item.taobao.com/item.htm?spm=a1z10.3-c-s.w4002-15399296143.49.6df516caAJZdmp&id=615636701071
添美,https://item.taobao.com/item.htm?spm=a1z10.3-c-s.w4002-15399296143.64.6df516caAJZdmp&id=600526610332
移动数码,https://item.taobao.com/item.htm?spm=a1z10.5-c-s.w4002-21386158336.25.31ff65931E4Vrh&id=587239283383
移动数码,https://item.taobao.com/item.htm?spm=a1z10.5-c-s.w4002-21386158336.28.31ff65931E4Vrh&id=583467946300
移动数码,https://item.taobao.com/item.htm?spm=a1z10.5-c-s.w4002-21386158336.31.31ff65931E4Vrh&id=618809381293
移动数码,https://item.taobao.com/item.htm?spm=a1z10.5-c-s.w4002-21386158336.46.31ff65931E4Vrh&id=632525530546
移动数码,https://item.taobao.com/item.htm?spm=a1z10.5-c-s.w4002-21386158336.49.31ff65931E4Vrh&id=618509844717
移动数码,https://item.taobao.com/item.htm?spm=a1z10.5-c-s.w4002-21386158336.52.31ff65931E4Vrh&id=619069786080
移动数码,https://item.taobao.com/item.htm?spm=a1z10.5-c-s.w4002-21386158336.58.31ff65931E4Vrh&id=622006148175
移动数码,https://item.taobao.com/item.htm?spm=a1z10.5-c-s.w4002-21386158336.67.31ff65931E4Vrh&id=631966395548
移动数码,https://item.taobao.com/item.htm?spm=a1z10.5-c-s.w4002-21386158336.79.31ff65931E4Vrh&id=623121113562
移动数码,https://item.taobao.com/item.htm?spm=a1z10.3-c-s.w4002-21386158346.23.45c81bebN1I6nL&id=583140980813
宏祥,https://item.taobao.com/item.htm?spm=a1z10.3-c-s.w4002-14439258039.10.50dc3c4drzSWOR&id=617157047615
宏祥,https://item.taobao.com/item.htm?spm=a1z10.3-c-s.w4002-14439258039.16.50dc3c4drzSWOR&id=600745275892
宏祥,https://item.taobao.com/item.htm?spm=a1z10.3-c-s.w4002-14439258039.31.50dc3c4drzSWOR&id=616185368831
宏祥,https://item.taobao.com/item.htm?spm=a1z10.3-c-s.w4002-14439258039.34.50dc3c4drzSWOR&id=604830560660
宏祥,https://item.taobao.com/item.htm?spm=a1z10.3-c-s.w4002-14439258039.43.50dc3c4drzSWOR&id=592594899154
宏祥,https://item.taobao.com/item.htm?spm=a1z10.3-c-s.w4002-14439258039.40.50dc3c4drzSWOR&id=621116191738
宏祥,https://item.taobao.com/item.htm?spm=a1z10.3-c-s.w4002-14439258039.46.50dc3c4drzSWOR&id=610243687025
宏祥,https://item.taobao.com/item.htm?spm=a1z10.3-c-s.w4002-14439258039.49.50dc3c4drzSWOR&id=619769754188
宏祥,https://item.taobao.com/item.htm?spm=a1z10.3-c-s.w4002-14439258039.61.50dc3c4drzSWOR&id=610670305062
宏祥,https://item.taobao.com/item.htm?spm=a1z10.3-c-s.w4002-14439258039.58.50dc3c4drzSWOR&id=599925961517
柏韵姿美发用品工具,https://item.taobao.com/item.htm?spm=a1z10.5-c-s.w4002-6942543732.13.40dc6a428VQO0w&id=599593608650
柏韵姿美发用品工具,https://item.taobao.com/item.htm?spm=a1z10.5-c-s.w4002-6942543732.16.40dc6a428VQO0w&id=585917791977
柏韵姿美发用品工具,https://item.taobao.com/item.htm?spm=a1z10.5-c-s.w4002-6942543732.19.40dc6a428VQO0w&id=585639293497
柏韵姿美发用品工具,https://item.taobao.com/item.htm?spm=a1z10.5-c-s.w4002-6942543732.22.5fe96a9eEYRxcr&id=587392833776
柏韵姿美发用品工具,https://item.taobao.com/item.htm?spm=a1z10.5-c-s.w4002-6942543732.13.1d5e2966r06icC&id=584873494146
柏韵姿美发用品工具,https://item.taobao.com/item.htm?spm=a1z10.5-c-s.w4002-6942543732.28.11a62966QPPAkt&id=585494868984
柏韵姿美发用品工具,https://item.taobao.com/item.htm?spm=a1z10.5-c-s.w4002-6942543732.28.18366a42jOGt4m&id=585814952539
柏韵姿美发用品工具,https://item.taobao.com/item.htm?spm=a1z10.3-c-s.w4002-8302848710.43.173d325cfVK8qh&id=584203956822
柏韵姿美发用品工具,https://item.taobao.com/item.htm?spm=a1z10.3-c-s.w4002-8302848710.49.173d325cfVK8qh&id=584716869923
柏韵姿美发用品工具,https://item.taobao.com/item.htm?spm=a1z10.3-c-s.w4002-8302848710.14.abb1325cLFVSaz&id=591451391262
白鳍鲨潜水whitetip shark,https://item.taobao.com/item.htm?spm=a1z10.3-c-s.w4002-15140288247.14.6bd3b7e3Ljyhme&id=631639305857
白鳍鲨潜水whitetip shark,https://item.taobao.com/item.htm?spm=a1z10.3-c-s.w4002-15140288247.20.6bd3b7e3Ljyhme&id=625398883836
白鳍鲨潜水whitetip shark,https://item.taobao.com/item.htm?spm=a1z10.3-c-s.w4002-15140288247.24.6bd3b7e3Ljyhme&id=586650375190
白鳍鲨潜水whitetip shark,https://item.taobao.com/item.htm?spm=a1z10.3-c-s.w4002-15140288247.26.6bd3b7e3Ljyhme&id=529514992049
白鳍鲨潜水whitetip shark,https://item.taobao.com/item.htm?spm=a1z10.3-c-s.w4002-15140288247.30.6bd3b7e3Ljyhme&id=537373762346
白鳍鲨潜水whitetip shark,https://item.taobao.com/item.htm?spm=a1z10.3-c-s.w4002-15140288247.34.6bd3b7e3Ljyhme&id=527341691322
白鳍鲨潜水whitetip shark,https://item.taobao.com/item.htm?spm=a1z10.3-c-s.w4002-15140288247.38.6bd3b7e3Ljyhme&id=522828689639
白鳍鲨潜水whitetip shark,https://item.taobao.com/item.htm?spm=a1z10.3-c-s.w4002-15140288247.42.6bd3b7e3Ljyhme&id=602432037827
白鳍鲨潜水whitetip shark,https://item.taobao.com/item.htm?spm=a1z10.3-c-s.w4002-15140288247.50.6bd3b7e3Ljyhme&id=564754109333
白鳍鲨潜水whitetip shark,https://item.taobao.com/item.htm?spm=a1z10.3-c-s.w4002-15140288247.54.6bd3b7e3Ljyhme&id=636607002978
四季阳光淘宝店,https://item.taobao.com/item.htm?spm=a1z10.1-c-s.w20204036-22924027577.28.76be5a20IXINHw&id=568461013606
四季阳光淘宝店,https://item.taobao.com/item.htm?spm=a1z10.1-c-s.w20204036-22924027577.35.58d75a20ItESj4&id=561648966646
四季阳光淘宝店,https://item.taobao.com/item.htm?spm=a1z10.1-c-s.w20204036-22924027580.29.58d75a20ItESj4&id=560589471052
四季阳光淘宝店,https://item.taobao.com/item.htm?spm=a1z10.1-c-s.w20204036-22924027580.35.58d75a20ItESj4&id=625820865426
四季阳光淘宝店,https://item.taobao.com/item.htm?spm=a1z10.1-c-s.w20204036-22924027580.36.58d75a20ItESj4&id=626080654307
四季阳光淘宝店,https://item.taobao.com/item.htm?spm=a1z10.1-c-s.w20204036-22924027586.27.58d75a20ItESj4&id=524159883368
四季阳光淘宝店,https://item.taobao.com/item.htm?spm=a1z10.1-c-s.w20204036-22924027586.29.58d75a20ItESj4&id=530584332038
四季阳光淘宝店,https://item.taobao.com/item.htm?spm=a1z10.1-c-s.w20201658-22924027588.1.58d75a20ItESj4&id=571681171209
四季阳光淘宝店,https://item.taobao.com/item.htm?spm=a1z10.1-c-s.w20201658-22924027588.9.58d75a20ItESj4&id=36899205206
四季阳光淘宝店,https://item.taobao.com/item.htm?spm=a1z10.1-c-s.w20201658-22924027588.11.58d75a20ItESj4&id=523130987341
,
,https://item.taobao.com/item.htm?spm=a1z10.3-c-s.w4002-22924027563.28.42d46630d9c8Nz&id=568461013606
,https://item.taobao.com/item.htm?spm=a1z10.3-c-s.w4002-22924027563.43.42d46630d9c8Nz&id=560589471052
,https://item.taobao.com/item.htm?spm=a1z10.3-c-s.w4002-22924027563.79.42d46630d9c8Nz&id=554949185407
,https://item.taobao.com/item.htm?spm=a1z10.3-c-s.w4002-22924027563.17.371d66303NA4CI&id=592498685750
,https://item.taobao.com/item.htm?spm=a1z10.3-c-s.w4002-22924027563.38.371d66303NA4CI&id=561390760752
